[
    {
        "command": "Mode_Test",
        "description": "Mode test activation",
        "action": [
            "send_nfc_write_parameter 64 F14B6A029D4EC3F5"
        ]
    },
    {
        "command": "Read_state",
        "description": "Read all states of WRP",
        "action": [
            "send_nfc_7f_command AT+READ FW_VERSION",
            "send_nfc_7f_command AT+READ MODE",
            "send_nfc_7f_command AT+READ VOLTAGE",
            "send_nfc_7f_command AT+READ NTC",
            "send_nfc_7f_command AT+READ RTC",
            "send_nfc_7f_command AT+READ TX_POWER",
            "send_nfc_7f_command AT+READ TX_CHANNEL",
            "send_nfc_7f_command AT+READ RX_CHANNEL",
            "send_nfc_7f_command AT+READ TX_MODULATION",
            "send_nfc_7f_command AT+READ RX_MODULATION",
            "send_nfc_7f_command AT+READ CONFIG_TX_POWER_PMAX",
            "send_nfc_7f_command AT+READ CONFIG_TX_POWER_PMAX_6DB",
            "send_nfc_7f_command AT+READ CONFIG_TX_POWER_PMAX_12DB",
            "send_nfc_7f_command AT+READ CONFIG_RX",
            "send_nfc_7f_command AT+READ CONFIG_IDLE",
            "send_nfc_7f_command AT+READ RADIO_NUMBER",
            "send_nfc_7f_command AT+READ RADIO_MANUFACTURER"
        ]
    },
    {
        "command": "Write KMAC Key",
        "description": "Write KMAK key",
        "action": [
            "send_nfc_7f_command AT+WRITE_KMAC key=235E1734182ECAEEED2164883705C24E5F8AA5731B45FA01180EC1D5DEA9D9ED,3e768200"
        ]
    },
    {
        "command": "Check KMAC Key",
        "description": "Check KMAK key",
        "action": [
            "send_nfc_7f_command AT+CHECK_KMAC"
        ]
    },
    {
        "command": "Configuration_PA_PROTO_V5",
        "description": "Configure all configurations of PA pins - Proto v5",
        "action": [
            "send_nfc_7f_command AT+WRITE CONFIG_TX_POWER_PMAX=15,1,1,1",
            "send_nfc_7f_command AT+WRITE CONFIG_TX_POWER_PMAX_6DB=4,1,1,1",
            "send_nfc_7f_command AT+WRITE CONFIG_TX_POWER_PMAX_12DB=248,1,0,1",
            "send_nfc_7f_command AT+WRITE CONFIG_RX=0,0,0,1",
            "send_nfc_7f_command AT+WRITE CONFIG_IDLE=0,0,0,0",
            "send_nfc_7f_command AT+WRITE TX_POWER=0"
        ]
    },
    {
        "command": "RF_Set_PMAX",
        "description": "Set Pmax configured",
        "action": [
            "send_nfc_7f_command AT+WRITE TX_POWER=0"
        ]
    },
    {
        "command": "RF_Set_PMAX_6DB",
        "description": "Set Pmax-6dB configured",
        "action": [
            "send_nfc_7f_command AT+WRITE TX_POWER=1"
        ]
    },
    {
        "command": "RF_Set_PMAX_12DB",
        "description": "Set Pmax-12dB configured",
        "action": [
            "send_nfc_7f_command AT+WRITE TX_POWER=2"
        ]
    },
    {
        "command": "Configuration_Tx_Power_Max without PA",
        "description": "Configure the maximum Tx Power without PA",
        "action": [
            "send_nfc_7f_command AT+WRITE CONFIG_TX_POWER_PMAX=248,1,0,1",
            "send_nfc_7f_command AT+WRITE TX_POWER=0"
        ]
    },
    {
        "command": "Configuration_Channel_100",
        "description": "Configure the channel 100",
        "action": [
            "send_nfc_7f_command AT+WRITE TX_CHANNEL=100",
            "send_nfc_7f_command AT+WRITE RX_CHANNEL=100"
        ]
    },
    {
        "command": "Configuration_Channel_110",
        "description": "Configure the channel 110",
        "action": [
            "send_nfc_7f_command AT+WRITE TX_CHANNEL=110",
            "send_nfc_7f_command AT+WRITE RX_CHANNEL=110"
        ]
    },
    {
        "command": "Configuration_Channel_120",
        "description": "Configure the channel 120",
        "action": [
            "send_nfc_7f_command AT+WRITE TX_CHANNEL=120",
            "send_nfc_7f_command AT+WRITE RX_CHANNEL=120"
        ]
    },
    {
        "command": "Configuration_Channel_130",
        "description": "Configure the channel 130",
        "action": [
            "send_nfc_7f_command AT+WRITE TX_CHANNEL=130",
            "send_nfc_7f_command AT+WRITE RX_CHANNEL=130"
        ]
    },
    {
        "command": "Configuration_Channel_140",
        "description": "Configure the channel 140",
        "action": [
            "send_nfc_7f_command AT+WRITE TX_CHANNEL=140",
            "send_nfc_7f_command AT+WRITE RX_CHANNEL=140"
        ]
    },
    {
        "command": "Configuration_Channel_150",
        "description": "Configure the channel 150",
        "action": [
            "send_nfc_7f_command AT+WRITE TX_CHANNEL=150",
            "send_nfc_7f_command AT+WRITE RX_CHANNEL=150"
        ]
    },
    {
        "command": "Start_TX_CW_10s",
        "description": "Start TX CW during 10s",
        "action": [
            "send_nfc_7f_command AT+START_CW_TX timeout=10"
        ]
    },
    {
        "command": "Start_TX_MODULATED_10s",
        "description": "Start TX Modulated during 10s",
        "action": [
            "send_nfc_7f_command AT+START_MODULATED_TX timeout=10"
        ]
    },
    {
        "command": "Start_TX_MODULATED_ON_OFF_10s",
        "description": "Start TX Modulated ON/OFF during 10s",
        "action": [
            "send_nfc_7f_command AT+START_MODULATED_TX_ON_OFF timeout=10"
        ]
    },
    {
        "command": "Send_Message (MAXLength)",
        "description": "Send RF message with max length",
        "action": [
            "send_nfc_7f_command AT+START_TX FRAME=48440100000000050001010203040506070809101112131415161718192021222324252627282930313233343536373839404142434445464748495051525357555657585960617238"
        ]
    },	
    {
        "command": "RF_Send_Message (RADIOCRAFT)",
        "description": "Send RF message",
        "action": [
            "send_nfc_7f_command AT+START_TX FRAME=154424487856341201070102030405060708090a8e51"
        ]
	},
    {
        "command": "RF_Send_Message_Periodic (RADIOCRAFT)",
        "description": "Send RF message every minute",
        "action": [
            "send_nfc_7f_command AT+START_TX_PERIODIC FRAME=154424487856341201070102030405060708090a8e51"
        ]
	},
    {
        "command": "RF_Start_TX_Burst",
        "description": "Start TX Burst",
        "action": [
            "send_nfc_7f_command AT+START_TX_BURST"
        ]
    },
    {
        "command": "RF_Stop_RX/TX",
        "description": "Stop RX/TX mode",
        "action": [
            "send_nfc_7f_command AT+STOP_TX",
            "send_nfc_7f_command AT+STOP_RX"
        ]
    },
    {
        "command": "PULSES_Start_CNT",
        "description": "Start Pulses Acquisition",
        "action": [
            "send_nfc_7f_command AT+START_CNT_PULSES"
        ]
    },
    {
        "command": "PULSES_Read_CNT",
        "description": "Read Pulses Acquisition",
        "action": [
            "send_nfc_7f_command AT+PULSES_CNT"
        ]
    },
    {
        "command": "PULSES_Stop_CNT",
        "description": "Stop Pulses Acquisition",
        "action": [
            "send_nfc_7f_command AT+STOP_CNT_PULSES"
        ]
    },
    {
        "command": "Interface_Generate_Pulses",
        "description": "Generates Pulses on Interface",
        "action": [
            "send_io_command generate_pulses"
        ]
    },
    {
        "command": "Interface_Set_Direction",
        "description": "Set Direction Signal on Interface",
        "action": [
            "send_io_command set_direction"
        ]
    },
    {
        "command": "Interface_Clear_Direction",
        "description": "Clear Direction Signal on Interface",
        "action": [
            "send_io_command clear_direction"
        ]
    },
    {
        "command": "Interface_Set_Fault",
        "description": "Set Fault Signal on Interface",
        "action": [
            "send_io_command set_fault"
        ]
    },
    {
        "command": "Interface_Clear_Fault",
        "description": "Clear Fault Signal on Interface",
        "action": [
            "send_io_command clear_fault"
        ]
    },
    {
        "command": "VBF_Send_INSTPING",
        "description": "Send INSPING message",
        "action": [
            "send_nfc_command 07"
        ]
    }
]
